{
  "materials" : [
    {
      "name" : "Marble",
      "roughness" : 0.3,
      "metallic": 0.0,
      "emissionStrength": 3.0
    },
    {
      "name" : "Metal",
      "roughnessTexture": {
        "fileName": "rusty_metal_02_rough_1k.jpg"
      },
      "metallicTexture": {
        "fileName": "rusty_metal_02_spec_1k.jpg"
      },
      "bumpTexture": {
        "fileName": "rusty_metal_02_disp_1k.jpg"
      },
      "bumpScale": 0.005,
      "doubleSided": false,
      "opacity": 0.9,
      "baseColorTexture": {
        "fileName": "rusty_metal_02_diff_1k.jpg"
      }
    }
  ],

  "camera": {
    "fov": 66
  },

  "sky": {
    "strength": 6,
    "color": [0.854, 0.862, 1],
    "texture": {
      "fileName": "sky.jpg",
      "yawRotation": 77
    }
  },

  "ambientLight": {
    "strength": 0.05
  },

  "ambientOcclusion": {
    "intensity": 0.5,
    "distance": 1
  },

  "views": [
    {
      "name": "First view",
      "rotation" : [
        42.11,
        -11.64
      ],
      "position" : [
        2.03,
        -2.93,
        0.22
      ]
    },
    {
      "name": "Second view",
      "rotation" : [
        -144.24,
        -8.16
      ],
      "position" : [
        -2.29,
        2.64,
        0.22
      ]
    },
    {
      "name": "Third view",
      "fov": 45,
      "rotation" : [
        132,
        -7.78
      ],
      "position" : [
        4.70,
        3.73,
        0.08
      ]
    },
    {
      "name": "Top view",
      "mode": "top",
      "distance" : 3,
      "maxDistance": 5,
      "rotation" : [-172.44, -90],
      "target" : [0, 0, 0]
    },
    {
      "name": "Orbit view",
      "mode": "orbit",
      "rotation" : [ 173.74, -16.90],
      "target" : [0, 0, 0],
      "distance": 3,
      "maxDistance": 8
    }
  ],

  "autoTour": {
    "disabled": false,
    "startOnLoad": false
  },

  "lights" : [
    {
      "type" : "point",
      "name" : "point1",
      "size" : 0.1,
      "strength" : 25,
      "color" : [
        0.730,
        0.136,
        0.006
      ],
      "instances" : [
        {
          "rotation" : [
            0,
            -90
          ],
          "position" : [
            1.954,
            1.468,
            2.535
          ]
        }
      ]
    },
    {
      "type" : "spot",
      "name" : "spot1",
      "angle" : 140,
      "size" : 0.1,
      "strength" : 25,
      "color" : [
        0.038,
        0.168,
        0.013
      ],
      "instances" : [
        {
          "rotation" : [
            58,
            -105
          ],
          "position" : [
            -1.574,
            -1.266,
            2.98
          ]
        },
        {
          "rotation" : [
            46,
            -69
          ],
          "position" : [
            1.173,
            -1.904,
            2.98
          ]
        }
      ]
    },
    {
      "type" : "point",
      "name" : "photometric1",
      "size" : 0.01,
      "strength" : 1,
      "photometricProfile": "ThreeLobeUmbrella.ies",
      "color" : [
        0.014,
        0.068,
        0.791
      ],
      "instances" : [
        {
          "rotation" : [
            12,
            80
          ],
          "position" : [
            -1.291,
            -3.179,
            3.045
          ]
        }
      ]
    },
    {
      "type" : "area",
      "name" : "area1",
      "width" : 0.5,
      "height" : 0.2,
      "strength" : 25,
      "color" : [
        0.753,
        0.565,
        0.004
      ],
      "instances" : [
        {
          "rotation" : [
            -38,
            -45
          ],
          "position" : [
            0.192,
            -1.738,
            2.834
          ]
        }
      ]
    },
    {
      "type" : "sun",
      "name" : "sun1",
      "strength" : 8,
      "size" : 0.02,
      "color" : [
        1,
        0.8,
        0.638
      ],
      "instances" : [
        {
          "rotation" : [
            12,
            -25
          ],
          "position" : [
            1.637,
            -4.134,
            2.98
          ]
        }
      ]
    }
  ],

  "panoramas": [
    {
      "name": "panorama1",
      "width": 2048,
      "height": 1024,
      "rotation": 90,
      "position": [
        0.115,
        0,
        0
      ]
    },
    {
      "name": "panorama2",
      "width": 4096,
      "height": 2048,
      "rotation": -90,
      "position": [
        -0.115,
        0,
        0
      ]
    }
  ],

  "bake": {
    "quality": "draft"
  },
  "author": "Anonymous",
  "title": "Two cubes",
  "authorHref": "https://en.wikipedia.org/wiki/Cube",
  "materialPickers": [
    {
      "name": "Single material replacement",
      "triggers": [
        {
          "type": "node",
          "nodeType" : "Metal cube"
        },
        {
          "type": "sprite",
          "position" : [
            -1,
            -1,
            -0.111155669113417
          ],
          "text": "Single replacement"
        }
      ],
      "options" : [
        [
          {
            "toReplace" : "Metal",
            "toUse": "Marble"
          }
        ]
      ]
    },
    {
      "name": "Multi material replacement",
      "triggers" : [
        {
          "type": "node",
          "nodeType" : "Marble cube"
        },
        {
          "type": "sphere",
          "position" : [
            1.45046216294895,
            -0.58053286227248,
            -0.111155669113417
          ],
          "radius" : 0.07
        }
      ],
      "options": [
        [
          {
            "toReplace" : "Marble",
            "toUse" : "Metal"
          },
          {
            "toReplace" : "Metal",
            "toUse" : "Marble"
          }
        ],
        [
          {
            "toReplace" : "Metal",
            "toUse" : "Marble"
          }
        ]
      ]
    }
  ]
}
