{
  "materials" : [
    {
      "name" : "Material.001",
      "roughness" : 0.7,
      "metallic": 1.0,
      "emissionStrength": 3.0
    },
    {
      "name" : "Material.002",
      "roughnessTexture": {
        "fileName": "Steel_Brushed_Stainless.jpg"
      },
      "metallicTexture": {
        "fileName": "Steel_Brushed_Stainless.jpg"
      },
      "bumpTexture": {
        "fileName": "Steel_Brushed_Stainless.jpg"
      },
      "bumpScale": 0.001,
      "doubleSided": true,
      "opacity": 0.8,
      "baseColorTexture": {
        "fileName": "Carpet_Loop_Pattern.jpg"
      }
    }
  ],

  "camera": {
    "fov": 66
  },

  "sky": {
    "strength": 6,
    "color": [0.854, 0.862, 1],
    "ambientOcclusion": {
      "factor": 0.05,
      "distance": 1
    },
    "texture": {
      "fileName": "sky.jpg",
      "yawRotation": 77
    }
  },

  "views": [
    {
      "name": "First view",
      "rotation" : [
        22.19,
        -32.28
      ],
      "position" : [
        0.15,
        -0.38,
        0.14
      ]
    },
    {
      "name": "Second view",
      "rotation" : [
        -136.8,
        -28.68
      ],
      "position" : [
        -0.10,
        0.15,
        0.05
      ]
    },
    {
      "name": "Third view",
      "fov": 45,
      "rotation" : [
        -172.44,
        -35.16
      ],
      "position" : [
        -0.01,
        0.24,
        0.08
      ]
    },
    {
      "name": "Top view",
      "mode": "top",
      "distance" : 0.23,
      "rotation" : [-172.44, -90],
      "target" : [0, 0, 0]
    },
    {
      "name": "Orbit view",
      "mode": "orbit",
      "rotation" : [144.65, -28.89],
      "target" : [0, 0, 0],
      "distance": 0.5
    }
  ],

  "autoTour": {
    "disabled": false,
    "startOnLoad": false
  },

  "lights" : [
    {
      "type" : "point",
      "name" : "point1",
      "size" : 0.1,
      "strength" : 25,
      "color" : [
        0.730,
        0.136,
        0.006
      ],
      "instances" : [
        {
          "rotation" : [
            0,
            -90
          ],
          "position" : [
            1.954,
            1.468,
            2.535
          ]
        }
      ]
    },
    {
      "type" : "spot",
      "name" : "spot1",
      "angle" : 140,
      "size" : 0.1,
      "strength" : 25,
      "color" : [
        0.038,
        0.168,
        0.013
      ],
      "instances" : [
        {
          "rotation" : [
            58,
            -105
          ],
          "position" : [
            -1.574,
            -1.266,
            2.98
          ]
        },
        {
          "rotation" : [
            46,
            -69
          ],
          "position" : [
            1.173,
            -1.904,
            2.98
          ]
        }
      ]
    },
    {
      "type" : "point",
      "name" : "photometric1",
      "size" : 0.01,
      "strength" : 1,
      "photometricProfile": "ThreeLobeUmbrella.ies",
      "color" : [
        0.014,
        0.068,
        0.791
      ],
      "instances" : [
        {
          "rotation" : [
            12,
            80
          ],
          "position" : [
            -1.291,
            -3.179,
            3.045
          ]
        }
      ]
    },
    {
      "type" : "area",
      "name" : "area1",
      "width" : 0.5,
      "height" : 0.2,
      "strength" : 25,
      "color" : [
        0.753,
        0.565,
        0.004
      ],
      "instances" : [
        {
          "rotation" : [
            -38,
            -45
          ],
          "position" : [
            0.192,
            -1.738,
            2.834
          ]
        }
      ]
    },
    {
      "type" : "sun",
      "name" : "sun1",
      "strength" : 8,
      "size" : 0.02,
      "color" : [
        1,
        0.8,
        0.638
      ],
      "instances" : [
        {
          "rotation" : [
            12,
            -25
          ],
          "position" : [
            1.637,
            -4.134,
            2.98
          ]
        }
      ]
    }
  ],

  "panoramas": [
    {
      "name": "panorama1",
      "width": 2048,
      "height": 1024,
      "rotation": 90,
      "position": [
        0.115,
        0,
        0
      ]
    },
    {
      "name": "panorama2",
      "width": 4096,
      "height": 2048,
      "rotation": -90,
      "position": [
        -0.115,
        0,
        0
      ]
    }
  ],

  "bake": {
    "quality": "draft"
  }
}
